LIST,WORD
100,a
100,about
100,all
100,am
100,an
100,and
100,are
100,as
100,at
100,be
100,been
100,but
100,by
100,called
100,can
100,come
100,could
100,day
100,did
100,do
100,down
100,each
100,find
100,first
100,for
100,from
100,get
100,go
100,had
100,has
100,have
100,he
100,her
100,him
100,his
100,how
100,I
100,if
100,in
100,into
100,is
100,it
100,its
100,like
100,long
100,look
100,made
100,make
100,many
100,may
100,more
100,my
100,no
100,not
100,now
100,number
100,of
100,on
100,one
100,or
100,other
100,out
100,part
100,people
100,said
100,see
100,she
100,so
100,some
100,than
100,that
100,the
100,their
100,them
100,then
100,there
100,these
100,they
100,this
100,time
100,to
100,two
100,up
100,use
100,was
100,water
100,way
100,we
100,were
100,what
100,when
100,which
100,who
100,will
100,with
100,words
100,would
100,write
100,you
100,your
200,after
200,again
200,air
200,also
200,America
200,animal
200,another
200,answer
200,any
200,around
200,ask
200,away
200,back
200,because
200,before
200,big
200,boy
200,came
200,change
200,different
200,does
200,end
200,even
200,follow
200,form
200,found
200,give
200,good
200,great
200,hand
200,help
200,here
200,home
200,house
200,just
200,kind
200,know
200,land
200,large
200,learn
200,letter
200,line
200,little
200,live
200,man
200,me
200,means
200,men
200,most
200,mother
200,move
200,much
200,must
200,name
200,need
200,new
200,off
200,old
200,only
200,our
200,over
200,page
200,picture
200,place
200,play
200,point
200,put
200,read
200,right
200,same
200,say
200,sentence
200,set
200,should
200,show
200,small
200,sound
200,spell
200,still
200,study
200,such
200,take
200,tell
200,things
200,think
200,three
200,through
200,too
200,try
200,turn
200,us
200,very
200,want
200,well
200,went
200,where
200,why
200,work
200,world
200,years
300,above
300,add
300,almost
300,along
300,always
300,began
300,begin
300,being
300,below
300,between
300,book
300,both
300,car
300,carry
300,children
300,city
300,close
300,country
300,cut
300,don't
300,earth
300,eat
300,enough
300,every
300,example
300,eyes
300,face
300,family
300,far
300,father
300,feet
300,few
300,food
300,four
300,girl
300,got
300,group
300,grow
300,hard
300,head
300,hear
300,high
300,idea
300,important
300,Indian
300,it's
300,keep
300,last
300,late
300,leave
300,left
300,let
300,life
300,light
300,list
300,might
300,mile
300,miss
300,mountains
300,near
300,never
300,next
300,night
300,often
300,once
300,open
300,own
300,paper
300,plant
300,real
300,river
300,run
300,saw
300,school
300,sea
300,second
300,seem
300,side
300,something
300,sometimes
300,song
300,soon
300,start
300,state
300,stop
300,story
300,talk
300,those
300,thought
300,together
300,took
300,tree
300,under
300,until
300,walk
300,watch
300,while
300,white
300,without
300,young
400,across
400,against
400,area
400,become
400,best
400,better
400,birds
400,black
400,body
400,certain
400,cold
400,color
400,complete
400,covered
400,cried
400,didn't
400,dog
400,door
400,draw
400,during
400,early
400,easy
400,ever
400,fall
400,farm
400,fast
400,field
400,figure
400,fire
400,fish
400,five
400,friends
400,ground
400,happened
400,heard
400,himself
400,hold
400,horse
400,hours
400,however
400,hundred
400,I'll
400,king
400,knew
400,listen
400,low
400,map
400,mark
400,measure
400,money
400,morning
400,music
400,north
400,notice
400,numeral
400,order
400,passed
400,pattern
400,piece
400,plan
400,problem
400,products
400,pulled
400,questions
400,reached
400,red
400,remember
400,rock
400,room
400,seen
400,several
400,ship
400,short
400,since
400,sing
400,slowly
400,south
400,space
400,stand
400,step
400,sun
400,sure
400,table
400,today
400,told
400,top
400,toward
400,town
400,travel
400,TRUE
400,unit
400,upon
400,usually
400,voice
400,vowel
400,war
400,waves
400,whole
400,wind
400,wood
500,able
500,ago
500,am
500,among
500,ball
500,base
500,became
500,behind
500,boat
500,box
500,bring
500,brought
500,building
500,built
500,cannot
500,carefully
500,check
500,circle
500,class
500,clear
500,common
500,contain
500,correct
500,course
500,dark
500,decided
500,deep
500,done
500,dry
500,English
500,equation
500,explain
500,fact
500,feel
500,filled
500,finally
500,fine
500,fly
500,force
500,front
500,full
500,game
500,gave
500,government
500,green
500,half
500,heat
500,heavy
500,hot
500,inches
500,include
500,inside
500,island
500,known
500,language
500,less
500,machine
500,material
500,minutes
500,note
500,nothing
500,noun
500,object
500,ocean
500,oh
500,pair
500,person
500,plane
500,power
500,produce
500,quickly
500,ran
500,rest
500,road
500,round
500,rule
500,scientists
500,shape
500,shown
500,six
500,size
500,special
500,stars
500,stay
500,stood
500,street
500,strong
500,surface
500,system
500,ten
500,though
500,thousands
500,understand
500,verb
500,wait
500,warm
500,week
500,wheels
500,yes
500,yet
600,anything
600,arms
600,beautiful
600,believe
600,beside
600,bill
600,blue
600,brother
600,can't
600,cause
600,cells
600,center
600,clothes
600,dance
600,describe
600,developed
600,difference
600,direction
600,discovered
600,distance
600,divided
600,drive
600,drop
600,edge
600,eggs
600,energy
600,Europe
600,exercise
600,farmers
600,felt
600,finished
600,flowers
600,forest
600,general
600,gone
600,grass
600,happy
600,heart
600,held
600,instruments
600,interest
600,job
600,kept
600,lay
600,legs
600,length
600,love
600,main
600,matter
600,meet
600,members
600,million
600,mind
600,months
600,moon
600,paint
600,paragraph
600,past
600,perhaps
600,picked
600,present
600,probably
600,race
600,rain
600,raised
600,ready
600,reason
600,record
600,region
600,represent
600,return
600,root
600,sat
600,shall
600,sign
600,simple
600,site
600,sky
600,soft
600,square
600,store
600,subject
600,suddenly
600,sum
600,summer
600,syllables
600,teacher
600,test
600,third
600,train
600,wall
600,weather
600,west
600,whether
600,wide
600,wild
600,window
600,winter
600,wish
600,written
700,act
700,Africa
700,age
700,already
700,although
700,amount
700,angle
700,appear
700,baby
700,bear
700,beat
700,bed
700,bottom
700,bright
700,broken
700,build
700,buy
700,care
700,case
700,cat
700,century
700,consonant
700,copy
700,couldn't
700,count
700,cross
700,dictionary
700,died
700,dress
700,either
700,everyone
700,everything
700,exactly
700,factors
700,fight
700,fingers
700,floor
700,fraction
700,free
700,French
700,gold
700,hair
700,hill
700,hole
700,hope
700,ice
700,instead
700,iron
700,jumped
700,killed
700,lake
700,laughed
700,lead
700,let's
700,lot
700,melody
700,metal
700,method
700,middle
700,milk
700,moment
700,nation
700,natural
700,outside
700,per
700,phrase
700,poor
700,possible
700,pounds
700,pushed
700,quiet
700,quite
700,remain
700,result
700,ride
700,rolled
700,sail
700,scale
700,section
700,sleep
700,smiled
700,snow
700,soil
700,solve
700,someone
700,son
700,speak
700,speed
700,spring
700,stone
700,surprise
700,tall
700,temperature
700,themselves
700,tiny
700,trip
700,type
700,village
700,within
700,wonder
800,alone
800,art
800,bad
800,bank
800,bit
800,break
800,brown
800,burning
800,business
800,captain
800,catch
800,caught
800,cents
800,child
800,choose
800,clean
800,climbed
800,cloud
800,coast
800,continued
800,control
800,cool
800,cost
800,decimal
800,desert
800,design
800,direct
800,drawing
800,ears
800,east
800,else
800,engine
800,England
800,equal
800,experiment
800,express
800,feeling
800,fell
800,flow
800,foot
800,garden
800,gas
800,glass
800,God
800,grew
800,history
800,human
800,hunting
800,increase
800,information
800,itself
800,joined
800,key
800,lady
800,law
800,least
800,lost
800,maybe
800,mouth
800,party
800,pay
800,period
800,plains
800,please
800,practice
800,president
800,received
800,report
800,ring
800,rise
800,row
800,save
800,seeds
800,sent
800,separate
800,serve
800,shouted
800,single
800,skin
800,statement
800,stick
800,straight
800,strange
800,students
800,suppose
800,symbols
800,team
800,touch
800,trouble
800,uncle
800,valley
800,visit
800,wear
800,whose
800,wire
800,woman
800,wrote
800,yard
800,you're
800,yourself
900,addition
900,army
900,bell
900,belong
900,block
900,blood
900,blow
900,board
900,bones
900,branches
900,cattle
900,chief
900,compare
900,compound
900,consider
900,cook
900,corner
900,crops
900,crowd
900,current
900,doctor
900,dollars
900,eight
900,electric
900,elements
900,enjoy
900,entered
900,except
900,exciting
900,expect
900,famous
900,fit
900,flat
900,fruit
900,fun
900,guess
900,hat
900,hit
900,indicate
900,industry
900,insects
900,interesting
900,Japanese
900,lie
900,lifted
900,loud
900,major
900,mall
900,meat
900,mine
900,modern
900,movement
900,necessary
900,observe
900,park
900,particular
900,planets
900,poem
900,pole
900,position
900,process
900,property
900,provide
900,rather
900,rhythm
900,rich
900,safe
900,sand
900,science
900,sell
900,send
900,sense
900,seven
900,sharp
900,shoulder
900,sight
900,silent
900,soldiers
900,spot
900,spread
900,stream
900,string
900,suggested
900,supply
900,swim
900,terms
900,thick
900,thin
900,thus
900,tied
900,tone
900,trade
900,tube
900,value
900,wash
900,wasn't
900,weight
900,wife
900,wings
900,won't
1000,action
1000,actually
1000,adjective
1000,afraid
1000,agreed
1000,ahead
1000,allow
1000,apple
1000,arrived
1000,born
1000,bought
1000,British
1000,capital
1000,chance
1000,chart
1000,church
1000,column
1000,company
1000,conditions
1000,corn
1000,cotton
1000,cows
1000,create
1000,dead
1000,deal
1000,death
1000,details
1000,determine
1000,difficult
1000,division
1000,doesn't
1000,effect
1000,entire
1000,especially
1000,evening
1000,experience
1000,factories
1000,fair
1000,fear
1000,fig
1000,forward
1000,France
1000,fresh
1000,Greek
1000,gun
1000,hoe
1000,huge
1000,isn't
1000,led
1000,level
1000,located
1000,march
1000,match
1000,molecules
1000,northern
1000,nose
1000,office
1000,opposite
1000,oxygen
1000,plural
1000,prepared
1000,pretty
1000,printed
1000,radio
1000,repeated
1000,rope
1000,rose
1000,score
1000,seat
1000,settled
1000,shoes
1000,shop
1000,similar
1000,sir
1000,sister
1000,smell
1000,solution
1000,southern
1000,steel
1000,stretched
1000,substances
1000,suffix
1000,sugar
1000,tools
1000,total
1000,track
1000,triangle
1000,truck
1000,underline
1000,various
1000,view
1000,Washington
1000,we'll
1000,western
1000,win
1000,women
1000,workers
1000,wouldn't
1000,wrong
1000,yellow